{"cameraMode":{"drawMode":0,"name":"Shaded","section":"Shading Mode"},"sceneLighting":true,"audioPlay":false,"sceneViewState":{"m_AlwaysRefresh":false,"showFog":true,"showSkybox":true,"showFlares":true,"showImageEffects":false,"showParticleSystems":true,"showVisualEffectGraphs":true,"m_FxEnabled":true},"in2DMode":false,"pivot":{"x":0.0236661434173584,"y":5.908151149749756,"z":-3.1966159343719484},"rotation":{"x":0.15126441419124604,"y":-0.7372568249702454,"z":0.17573735117912293,"w":0.6345839500427246},"size":0.8660253882408142,"orthographic":false}