{"cameraMode":{"drawMode":0,"name":"Shaded","section":"Shading Mode"},"sceneLighting":true,"audioPlay":false,"sceneViewState":{"m_AlwaysRefresh":false,"showFog":true,"showSkybox":true,"showFlares":true,"showImageEffects":false,"showParticleSystems":true,"showVisualEffectGraphs":true,"m_FxEnabled":true},"in2DMode":false,"pivot":{"x":-3.4136691093444826,"y":4.251198768615723,"z":1.3527517318725587},"rotation":{"x":0.028972763568162919,"y":0.2587983012199402,"z":-0.0077663324773311619,"w":0.9654659628868103},"size":5.274102687835693,"orthographic":false}